image,list,work,kind,condition
images/i3e5903.jpg,1,rijksmuseum:Q97767981,print,degr
images/ief345e.jpg,2,rijksmuseum:Q97767981,print,degclut
images/i0e39d0.jpg,3,rijksmuseum:Q97767981,print,book
images/icc3971.jpg,4,rijksmuseum:Q97767981,print,book_notext2
images/ibaac5c.jpg,5,rijksmuseum:Q97767981,print,web
images/i72f90d.jpg,6,rijksmuseum:Q97767981,print,wall
images/i797e8d.jpg,2,rijksmuseum:Q21727631,painting,degr
images/i92c1c6.jpg,3,rijksmuseum:Q21727631,painting,degclut
images/ie6a036.jpg,4,rijksmuseum:Q21727631,painting,book
images/i1eaada.jpg,5,rijksmuseum:Q21727631,painting,book_notext2
images/i62a49f.jpg,6,rijksmuseum:Q21727631,painting,web
images/i2ff121.jpg,1,rijksmuseum:Q21727631,painting,wall
images/i949320.jpg,3,rijksmuseum:Q41449677,drawing,degr
images/icfb300.jpg,4,rijksmuseum:Q41449677,drawing,degclut
images/ifcdb77.jpg,5,rijksmuseum:Q41449677,drawing,book
images/ied73b8.jpg,6,rijksmuseum:Q41449677,drawing,book_notext2
images/iece6ed.jpg,1,rijksmuseum:Q41449677,drawing,web
images/i1dc743.jpg,2,rijksmuseum:Q41449677,drawing,wall
images/i043e3e.jpg,4,rijksmuseum:Q18338569,print,degr
images/ib4a5b7.jpg,5,rijksmuseum:Q18338569,print,degclut
images/i27eafe.jpg,6,rijksmuseum:Q18338569,print,book
images/ifb0f84.jpg,1,rijksmuseum:Q18338569,print,book_notext2
images/i208ced.jpg,2,rijksmuseum:Q18338569,print,web
images/ia87ba4.jpg,3,rijksmuseum:Q18338569,print,wall
images/i226eff.jpg,5,rijksmuseum:Q116377829,painting,degr
images/ia28ec1.jpg,6,rijksmuseum:Q116377829,painting,degclut
images/i42143e.jpg,1,rijksmuseum:Q116377829,painting,book
images/ib31f09.jpg,2,rijksmuseum:Q116377829,painting,book_notext2
images/i1abead.jpg,3,rijksmuseum:Q116377829,painting,web
images/i29fa88.jpg,4,rijksmuseum:Q116377829,painting,wall
images/i3d4593.jpg,6,rijksmuseum:Q97733002,print,degr
images/i965d99.jpg,1,rijksmuseum:Q97733002,print,degclut
images/i669ac7.jpg,2,rijksmuseum:Q97733002,print,book
images/i80fc83.jpg,3,rijksmuseum:Q97733002,print,book_notext2
images/i571240.jpg,4,rijksmuseum:Q97733002,print,web
images/i2b5adb.jpg,5,rijksmuseum:Q97733002,print,wall
images/i8b9029.jpg,1,rijksmuseum:Q17334826,painting,degr
images/i02c7dd.jpg,2,rijksmuseum:Q17334826,painting,degclut
images/i62b220.jpg,3,rijksmuseum:Q17334826,painting,book
images/i36c77d.jpg,4,rijksmuseum:Q17334826,painting,book_notext2
images/i08eb21.jpg,5,rijksmuseum:Q17334826,painting,web
images/idb3950.jpg,6,rijksmuseum:Q17334826,painting,wall
images/i0df29a.jpg,2,rijksmuseum:Q112181476,sculpture,degr
images/i241b75.jpg,3,rijksmuseum:Q112181476,sculpture,degclut
images/i2a807f.jpg,4,rijksmuseum:Q112181476,sculpture,book
images/idc7819.jpg,5,rijksmuseum:Q112181476,sculpture,book_notext2
images/i32bf2a.jpg,6,rijksmuseum:Q112181476,sculpture,web
images/i15ba8c.jpg,1,rijksmuseum:Q112181476,sculpture,wall
images/idd242b.jpg,3,rijksmuseum:Q97788707,print,degr
images/i489de1.jpg,4,rijksmuseum:Q97788707,print,degclut
images/i5d0c55.jpg,5,rijksmuseum:Q97788707,print,book
images/ia46c98.jpg,6,rijksmuseum:Q97788707,print,book_notext2
images/idf968a.jpg,1,rijksmuseum:Q97788707,print,web
images/i25b29f.jpg,2,rijksmuseum:Q97788707,print,wall
images/i99079f.jpg,4,rijksmuseum:Q96181868,photograph,degr
images/i94e622.jpg,5,rijksmuseum:Q96181868,photograph,degclut
images/ib7d617.jpg,6,rijksmuseum:Q96181868,photograph,book
images/i3b4443.jpg,1,rijksmuseum:Q96181868,photograph,book_notext2
images/ib9cd65.jpg,2,rijksmuseum:Q96181868,photograph,web
images/i149b5d.jpg,3,rijksmuseum:Q96181868,photograph,wall
images/i7b365b.jpg,5,rijksmuseum:Q20201879,sculpture,degr
images/i60e61b.jpg,6,rijksmuseum:Q20201879,sculpture,degclut
images/iee4b27.jpg,1,rijksmuseum:Q20201879,sculpture,book
images/i98379e.jpg,2,rijksmuseum:Q20201879,sculpture,book_notext2
images/i890cb5.jpg,3,rijksmuseum:Q20201879,sculpture,web
images/i4538e9.jpg,4,rijksmuseum:Q20201879,sculpture,wall
images/i0850cf.jpg,6,rijksmuseum:Q59590707,drawing,degr
images/i7da52e.jpg,1,rijksmuseum:Q59590707,drawing,degclut
images/i32f2c3.jpg,2,rijksmuseum:Q59590707,drawing,book
images/i883ea9.jpg,3,rijksmuseum:Q59590707,drawing,book_notext2
images/i022374.jpg,4,rijksmuseum:Q59590707,drawing,web
images/ief0c5c.jpg,5,rijksmuseum:Q59590707,drawing,wall
